date,open,high,close,low,volume,price_change,p_change,ma5,ma10,ma20,v_ma5,v_ma10,v_ma20,turnover
2021-01-18,3.42,3.49,3.45,3.41,71491.0,0.02,0.58,3.402,3.498,3.623,81656.34,90426.4,88078.38,0.93
2021-01-15,3.33,3.43,3.43,3.33,68176.32,0.08,2.39,3.404,3.531,3.643,82281.64,92191.8,88098.35,0.89
2021-01-14,3.31,3.38,3.35,3.26,81677.16,0.03,0.9,3.424,3.563,3.667,81108.23,93212.97,89243.26,1.06
2021-01-13,3.44,3.45,3.32,3.28,125865.26,-0.14,-4.05,3.456,3.601,3.693,92279.74,94167.52,88301.91,1.64
2021-01-12,3.44,3.52,3.46,3.42,61071.94,0.0,0.0,3.528,3.644,3.725,86056.5,90519.05,85066.5,0.8
2021-01-11,3.54,3.59,3.46,3.45,74617.5,-0.07,-1.98,3.594,3.667,3.749,99196.46,90757.42,84713.93,0.97
2021-01-08,3.53,3.6,3.53,3.48,62309.29,0.02,0.57,3.658,3.696,3.771,102101.96,94047.07,86904.39,0.81
2021-01-07,3.67,3.68,3.51,3.47,137534.7,-0.17,-4.62,3.702,3.707,3.793,105317.71,99258.71,87857.67,1.79
2021-01-06,3.75,3.76,3.68,3.67,94749.06,-0.11,-2.9,3.746,3.732,3.818,96055.29,92987.84,86991.74,1.23
2021-01-05,3.75,3.81,3.79,3.68,126771.76,0.01,0.27,3.76,3.74,3.839,94981.6,92575.54,90246.47,1.65
2021-01-04,3.75,3.79,3.78,3.75,89145.0,0.03,0.8,3.74,3.748,3.862,82318.37,85730.36,91028.63,1.16
2020-12-31,3.73,3.77,3.75,3.7,78388.02,0.02,0.54,3.734,3.754,3.887,85992.17,84004.89,101630.55,1.02
2020-12-30,3.74,3.77,3.73,3.7,91222.63,-0.02,-0.53,3.712,3.77,3.907,93199.72,85273.55,105691.68,1.19
2020-12-29,3.7,3.81,3.75,3.69,89380.61,0.06,1.63,3.718,3.785,3.93,89920.38,82436.3,112776.53,1.16
2020-12-28,3.76,3.77,3.69,3.67,63455.61,-0.06,-1.6,3.72,3.806,3.947,90169.47,79613.95,113509.5,0.83
2020-12-25,3.65,3.8,3.75,3.63,107514.0,0.11,3.02,3.756,3.831,3.967,89142.35,78670.45,116959.52,1.4
2020-12-24,3.76,3.76,3.64,3.6,114425.74,-0.12,-3.19,3.774,3.845,3.987,82017.61,79761.71,120026.12,1.49
2020-12-23,3.74,3.79,3.76,3.73,74825.92,0.0,0.0,3.828,3.878,4.01,77347.38,76456.63,123313.55,0.97
2020-12-22,3.87,3.88,3.76,3.73,90626.09,-0.11,-2.84,3.852,3.903,4.027,74952.22,80995.64,133201.09,1.18
2020-12-21,3.85,3.91,3.87,3.83,58320.0,0.03,0.78,3.892,3.938,4.041,69058.43,87917.4,134282.57,0.76
2020-12-18,3.9,3.93,3.84,3.84,71890.3,-0.07,-1.79,3.906,3.975,4.049,68198.54,96326.9,137669.21,0.94
2020-12-17,3.86,3.93,3.91,3.77,91074.61,0.03,0.77,3.916,4.019,4.056,77505.8,119256.21,138330.02,1.19
2020-12-16,3.95,3.97,3.88,3.86,62850.1,-0.08,-2.02,3.928,4.043,4.06,75565.88,126109.81,137287.1,0.82
2020-12-15,3.93,3.98,3.96,3.9,61157.16,0.02,0.51,3.954,4.075,4.067,87039.06,143116.76,138267.56,0.8
2020-12-14,3.89,3.95,3.94,3.86,54020.55,0.05,1.28,3.984,4.088,4.07,106776.37,147405.05,141144.42,0.7
2020-12-11,3.97,3.99,3.89,3.84,118426.6,-0.08,-2.02,4.044,4.102,4.076,124455.26,155248.59,143692.17,1.54
2020-12-10,4.0,4.03,3.97,3.95,81375.0,-0.04,-1.0,4.122,4.129,4.081,161006.62,160290.54,140666.24,1.06
2020-12-09,4.1,4.14,4.01,4.0,120216.0,-0.1,-2.43,4.158,4.142,4.082,176653.73,170170.48,139914.79,1.57
2020-12-08,4.22,4.24,4.11,4.1,159843.7,-0.13,-3.07,4.196,4.151,4.079,199194.47,185406.54,137770.28,2.08
2020-12-07,4.27,4.28,4.24,4.2,142415.0,-0.04,-0.94,4.192,4.144,4.074,188033.73,180647.74,135831.1,1.85
2020-12-04,4.18,4.32,4.28,4.14,301183.38,0.13,3.13,4.16,4.123,4.065,186041.93,179011.52,136982.34,3.92
2020-12-03,4.25,4.25,4.15,4.14,159610.59,-0.05,-1.19,4.136,4.093,4.05,159574.45,157403.84,127588.83,2.08
2020-12-02,4.09,4.23,4.2,4.06,232919.66,0.11,2.69,4.126,4.077,4.044,163687.22,148464.4,127234.73,3.03
2020-12-01,4.06,4.11,4.09,4.04,104040.0,0.01,0.24,4.106,4.058,4.03,171618.62,133418.35,121367.36,1.35
2020-11-30,4.16,4.16,4.08,4.07,132456.0,-0.08,-1.92,4.096,4.052,4.024,173261.75,134883.8,122275.9,1.72
2020-11-27,4.08,4.16,4.16,4.07,168846.02,0.06,1.46,4.086,4.05,4.011,171981.11,132135.75,120965.07,2.2
2020-11-26,4.1,4.12,4.1,4.03,180174.41,0.0,0.0,4.05,4.032,3.996,155233.22,121041.95,120987.37,2.35
2020-11-25,4.05,4.22,4.1,4.02,272576.66,0.06,1.49,4.028,4.021,3.993,133241.57,109659.11,115908.32,3.55
2020-11-24,4.02,4.08,4.04,4.0,112255.64,0.01,0.25,4.01,4.006,3.993,95218.09,90134.01,106749.89,1.46
2020-11-23,3.97,4.05,4.03,3.94,126052.83,0.05,1.26,4.008,4.003,3.997,96505.85,91014.46,104668.75,1.64
2020-11-20,3.98,4.0,3.98,3.95,85106.54,-0.01,-0.25,4.014,4.007,4.0,92290.39,94953.16,102085.96,1.11
2020-11-19,4.0,4.01,3.99,3.97,70216.19,-0.02,-0.5,4.014,4.007,4.007,86850.68,97773.83,103358.76,0.91
2020-11-18,4.01,4.05,4.01,3.99,82459.24,-0.02,-0.5,4.014,4.01,4.018,86076.64,106005.06,104316.86,1.07
2020-11-17,4.06,4.07,4.03,3.95,118694.43,-0.03,-0.74,4.002,4.001,4.029,85049.94,109316.37,107120.76,1.55
2020-11-16,4.0,4.06,4.06,3.96,104975.54,0.08,2.01,3.998,3.995,4.045,85523.08,109668.01,109007.47,1.37
2020-11-13,3.97,3.98,3.98,3.92,57908.0,-0.01,-0.25,4.0,3.972,4.059,97615.93,109794.39,117168.87,0.75
2020-11-12,3.97,4.02,3.99,3.94,66346.0,0.04,1.01,4.0,3.96,4.07,108696.98,120932.79,118826.55,0.86
2020-11-11,3.99,4.01,3.95,3.95,77325.72,-0.06,-1.5,4.006,3.965,4.078,125933.47,122157.54,120521.46,1.01
2020-11-10,4.08,4.08,4.01,3.97,121060.13,-0.06,-1.47,4.0,3.979,4.09,133582.8,123365.77,122937.78,1.58
2020-11-09,4.01,4.1,4.07,4.0,165439.8,0.09,2.26,3.992,3.99,4.103,133812.93,118323.04,123921.35,2.15
2020-11-06,4.01,4.05,3.98,3.95,113313.25,-0.04,-0.99,3.944,3.993,4.115,121972.86,109218.76,123225.56,1.48
2020-11-05,3.93,4.03,4.02,3.91,152528.44,0.1,2.55,3.92,4.006,4.127,133168.6,108943.69,123286.95,1.99
2020-11-04,3.97,3.98,3.92,3.87,115572.4,-0.05,-1.26,3.924,4.026,4.13,118381.61,102628.67,120157.19,1.5
2020-11-03,3.84,4.0,3.97,3.82,122210.78,0.14,3.65,3.958,4.056,4.141,113148.73,104925.15,120126.65,1.59
2020-11-02,3.85,3.88,3.83,3.8,106239.41,-0.03,-0.78,3.988,4.095,4.145,102833.14,108346.93,120835.11,1.38
2020-10-30,4.07,4.07,3.86,3.84,169291.97,-0.18,-4.46,4.042,4.146,4.163,96464.66,124543.34,123752.45,2.2
2020-10-29,4.03,4.07,4.04,4.0,78593.47,-0.05,-1.22,4.092,4.179,4.183,84718.78,116720.32,129107.31,1.02
2020-10-28,4.12,4.13,4.09,4.01,89408.0,-0.03,-0.73,4.128,4.191,4.21,86875.74,118885.38,133858.71,1.16
2020-10-27,4.07,4.15,4.12,4.07,70632.85,0.02,0.49,4.154,4.201,4.232,96701.57,122509.79,139085.94,0.92
2020-10-26,4.11,4.16,4.1,4.06,74397.0,-0.01,-0.24,4.202,4.216,4.253,113860.71,129519.66,146232.36,0.97
2020-10-23,4.23,4.26,4.11,4.1,110562.57,-0.11,-2.61,4.25,4.236,4.279,152622.02,137232.36,160872.9,1.44
2020-10-22,4.2,4.27,4.22,4.16,89378.27,0.0,0.0,4.266,4.247,4.307,148721.86,137630.21,169370.08,1.16
2020-10-21,4.35,4.36,4.22,4.18,138537.16,-0.14,-3.21,4.254,4.233,4.331,150895.01,137685.7,179142.16,1.8
2020-10-20,4.3,4.37,4.36,4.25,156428.56,0.02,0.46,4.248,4.225,4.358,148318.01,135328.16,192621.46,2.04
2020-10-19,4.25,4.45,4.34,4.22,268203.56,0.15,3.58,4.23,4.194,4.384,145178.61,133323.29,213989.59,3.49
2020-10-16,4.15,4.19,4.19,4.12,91061.74,0.03,0.72,4.222,4.179,4.416,121842.7,122961.56,240812.04,1.19
2020-10-15,4.19,4.21,4.16,4.13,100244.04,-0.03,-0.72,4.228,4.187,4.447,126538.56,141494.31,271005.12,1.31
2020-10-14,4.26,4.28,4.19,4.16,125652.16,-0.08,-1.87,4.212,4.229,4.471,124476.4,148832.05,291050.26,1.64
2020-10-13,4.28,4.3,4.27,4.23,140731.55,-0.03,-0.7,4.202,4.263,4.488,122338.3,155662.1,296629.59,1.83
2020-10-12,4.23,4.33,4.3,4.23,151524.0,0.08,1.9,4.158,4.29,4.495,121467.97,162945.06,300883.71,1.97
2020-10-09,4.15,4.24,4.22,4.13,114541.04,0.14,3.43,4.136,4.321,4.506,124080.43,184513.45,301337.29,1.49
2020-09-30,4.17,4.17,4.08,4.04,89933.23,-0.06,-1.45,4.146,4.367,4.52,156450.06,201109.96,306453.03,1.17
2020-09-29,4.07,4.2,4.14,4.05,114961.68,0.09,2.22,4.246,4.429,4.547,173187.7,220598.61,316132.87,1.5
2020-09-28,4.19,4.22,4.05,4.04,136379.88,-0.14,-3.34,4.324,4.49,4.575,188985.89,249914.76,325108.71,1.78
2020-09-25,4.27,4.32,4.19,4.16,164586.3,-0.08,-1.87,4.422,4.574,4.607,204422.15,294655.9,341894.41,2.14
2020-09-24,4.53,4.56,4.27,4.26,276389.22,-0.31,-6.77,4.506,4.653,4.622,244946.47,358662.52,344652.93,3.6
2020-09-23,4.53,4.59,4.58,4.48,173621.41,0.05,1.1,4.588,4.707,4.636,245769.86,400515.92,343738.87,2.26
2020-09-22,4.5,4.57,4.53,4.45,193952.64,-0.01,-0.22,4.612,4.713,4.637,268009.53,433268.47,357074.5,2.53
2020-09-21,4.6,4.66,4.54,4.53,213561.2,-0.07,-1.52,4.656,4.712,4.637,310843.63,437597.08,362175.62,2.78
2020-09-18,4.66,4.68,4.61,4.47,367207.88,-0.07,-1.5,4.726,4.699,4.63,384889.64,438822.36,358760.73,4.78
2020-09-17,4.65,4.79,4.68,4.64,280506.16,-0.02,-0.43,4.8,4.691,4.617,472378.56,418161.13,347691.03,3.65
2020-09-16,4.74,4.81,4.7,4.64,284819.75,-0.05,-1.05,4.826,4.672,4.6,555261.98,411796.11,341088.31,3.71
2020-09-15,4.84,4.85,4.75,4.67,408123.16,-0.14,-2.86,4.814,4.665,4.582,598527.41,411667.12,341278.1,5.31
2020-09-14,5.0,5.03,4.89,4.8,583791.25,-0.09,-1.81,4.768,4.66,4.571,564350.54,400302.67,332295.02,7.6
2020-09-11,4.75,5.03,4.98,4.66,804652.5,0.17,3.53,4.672,4.639,4.555,492755.09,389132.92,316416.77,10.48
2020-09-10,4.64,4.85,4.81,4.52,694923.25,0.17,3.66,4.582,4.59,4.532,363943.7,330643.35,286674.48,9.05
2020-09-09,4.47,4.88,4.64,4.45,501146.88,0.12,2.65,4.518,4.564,4.515,268330.23,286961.81,263582.62,6.53
2020-09-08,4.45,4.57,4.52,4.39,237238.8,0.11,2.49,4.516,4.56,4.505,224806.84,280880.53,254018.04,3.09
2020-09-07,4.48,4.58,4.41,4.39,225814.0,-0.12,-2.65,4.552,4.561,4.505,236254.79,286754.15,259637.84,2.94
2020-09-04,4.38,4.54,4.53,4.34,160595.55,0.04,0.89,4.606,4.56,4.515,285510.76,278699.09,270513.49,2.09
2020-09-03,4.62,4.62,4.49,4.47,216855.92,-0.14,-3.02,4.598,4.542,4.526,297343.01,277220.92,290751.42,2.82
2020-09-02,4.68,4.7,4.63,4.57,283529.91,-0.07,-1.49,4.61,4.527,4.547,305593.39,270380.52,339901.12,3.69
2020-09-01,4.63,4.73,4.7,4.61,294478.59,0.02,0.43,4.604,4.499,4.559,336954.23,270889.07,390797.93,3.83
2020-08-31,4.52,4.75,4.68,4.49,472093.81,0.19,4.23,4.57,4.482,4.546,337253.5,264287.37,413263.38,6.15
2020-08-28,4.54,4.55,4.49,4.4,219756.8,-0.06,-1.32,4.514,4.47,4.543,271887.43,243700.62,431873.4,2.86
2020-08-27,4.6,4.65,4.55,4.45,258107.84,-0.05,-1.09,4.486,4.474,4.528,257098.84,242705.61,432252.13,3.36
2020-08-26,4.49,4.72,4.6,4.46,440334.09,0.07,1.54,4.444,4.465,4.509,235167.65,240203.42,436526.35,5.73
2020-08-25,4.51,4.57,4.53,4.46,295974.97,0.13,2.96,4.394,4.45,4.483,204823.91,227155.55,421558.68,3.85
2020-08-24,4.32,4.43,4.4,4.31,145263.45,0.05,1.15,4.394,4.448,4.456,191321.23,232521.53,411690.13,1.89
2020-08-21,4.35,4.42,4.35,4.3,145813.86,0.01,0.23,4.426,4.47,4.434,215513.81,262327.89,410385.81,1.9
2020-08-20,4.31,4.42,4.34,4.25,148451.89,-0.01,-0.23,4.462,4.51,4.415,228312.38,304281.91,414398.84,1.93
2020-08-19,4.51,4.51,4.35,4.34,288615.38,-0.18,-3.97,4.486,4.567,4.405,245239.19,409421.71,418348.21,3.76
2020-08-18,4.57,4.59,4.53,4.51,228461.59,-0.03,-0.66,4.506,4.619,4.399,249487.19,510706.8,413216.02,2.97
2020-08-17,4.51,4.6,4.56,4.46,266226.31,0.03,0.66,4.502,4.61,4.384,273721.82,562239.39,410986.87,3.47
2020-08-14,4.46,4.54,4.53,4.41,209806.75,0.07,1.57,4.514,4.615,4.37,309141.98,620046.18,408946.76,2.73
2020-08-13,4.45,4.53,4.46,4.41,233085.91,0.01,0.23,4.558,4.581,4.352,380251.44,621798.65,411218.06,3.03
2020-08-12,4.5,4.55,4.45,4.34,309855.38,-0.06,-1.33,4.648,4.553,4.335,573604.23,632849.27,414182.29,4.03
2020-08-11,4.65,4.71,4.51,4.5,349634.75,-0.11,-2.38,4.732,4.515,4.322,771926.41,615961.81,412566.07,4.55
2020-08-10,4.74,4.89,4.62,4.59,443327.09,-0.13,-2.74,4.718,4.463,4.316,850756.97,590858.74,411977.45,5.77
2020-08-07,4.81,4.92,4.75,4.7,565354.06,-0.16,-3.26,4.716,4.397,4.309,930950.39,558443.73,410343.99,7.36
2020-08-06,4.65,5.05,4.91,4.6,1199849.88,0.04,0.82,4.604,4.319,4.285,863345.86,524515.77,401084.88,15.62
2020-08-05,4.52,4.88,4.87,4.47,1301466.25,0.43,9.69,4.458,4.242,4.26,692094.31,427274.72,364779.45,16.95
2020-08-04,4.61,4.61,4.44,4.39,743787.56,-0.17,-3.69,4.298,4.178,4.235,459997.22,315725.24,322020.74,9.68
2020-08-03,4.21,4.61,4.61,4.2,844294.19,0.42,10.02,4.208,4.157,4.225,330960.51,259734.35,312633.11,10.99
2020-07-31,4.18,4.27,4.19,4.1,227331.44,0.01,0.24,4.078,4.124,4.207,185937.08,197847.34,295813.68,2.96
2020-07-30,4.15,4.38,4.18,4.12,343592.12,0.11,2.7,4.034,4.123,4.202,185685.67,200637.47,301249.54,4.47
2020-07-29,3.98,4.08,4.07,3.94,140980.8,0.08,2.0,4.026,4.117,4.197,162455.12,195515.3,303329.69,1.84
2020-07-28,3.96,4.02,3.99,3.95,98604.02,0.03,0.76,4.058,4.129,4.195,171453.25,209170.33,330018.82,1.28
2020-07-27,3.96,3.99,3.96,3.84,119177.0,-0.01,-0.25,4.106,4.168,4.199,188508.18,233096.16,350224.59,1.55
2020-07-24,4.11,4.16,3.97,3.94,226074.41,-0.17,-4.11,4.17,4.221,4.187,209757.61,262244.24,350350.74,2.94
2020-07-23,4.2,4.2,4.14,4.03,227439.39,-0.09,-2.13,4.212,4.251,4.177,215589.27,277654.0,350974.51,2.96
2020-07-22,4.22,4.29,4.23,4.21,185971.42,0.0,0.0,4.208,4.278,4.166,228575.47,302284.18,351852.63,2.42
2020-07-21,4.28,4.3,4.23,4.21,183878.67,-0.05,-1.17,4.2,4.292,4.154,246887.4,328316.24,350095.46,2.39
2020-07-20,4.15,4.29,4.28,4.15,225424.17,0.1,2.39,4.23,4.292,4.14,277684.14,365531.88,349078.54,2.94
2020-07-17,4.13,4.18,4.18,3.99,255232.7,0.06,1.46,4.272,4.29,4.123,314730.87,393780.02,347465.15,3.32
2020-07-16,4.25,4.32,4.12,4.1,292370.41,-0.07,-1.67,4.29,4.281,4.109,339718.72,401861.61,344846.66,3.81
2020-07-15,4.43,4.44,4.19,4.17,277531.06,-0.19,-4.34,4.348,4.276,4.1,375992.88,411144.09,339072.34,3.61
2020-07-14,4.49,4.55,4.38,4.28,337862.38,-0.11,-2.45,4.384,4.26,4.086,409745.08,450867.31,340731.57,4.4
2020-07-13,4.38,4.53,4.49,4.34,410657.81,0.22,5.15,4.354,4.23,4.07,453379.61,467353.02,337715.74,5.35
2020-07-10,4.39,4.41,4.27,4.26,380171.94,-0.14,-3.17,4.308,4.152,4.049,472829.17,438457.25,334288.28,4.95
2020-07-09,4.36,4.43,4.41,4.3,473741.19,0.04,0.92,4.272,4.103,4.047,464004.5,424295.02,337695.82,6.17
2020-07-08,4.25,4.38,4.37,4.21,446292.06,0.14,3.31,4.204,4.054,4.033,446295.3,401421.08,334308.71,5.81
2020-07-07,4.27,4.4,4.23,4.2,556035.06,-0.03,-0.7,4.136,4.015,4.016,491989.55,371874.68,324610.18,7.24
2020-07-06,4.12,4.28,4.26,4.09,507905.59,0.17,4.16,4.106,3.987,4.002,481326.42,332625.19,306999.64,6.61
2020-07-03,4.07,4.15,4.09,4.03,336048.59,0.02,0.49,3.996,3.955,3.988,404085.32,301150.27,293543.01,4.38
2020-07-02,4.0,4.09,4.07,3.97,385195.19,0.04,0.99,3.934,3.937,3.982,384585.54,287831.7,297642.66,5.02
2020-07-01,4.13,4.17,4.03,3.97,674763.31,-0.05,-1.23,3.904,3.924,3.98,356546.86,267000.6,306095.4,8.79
2020-06-30,3.84,4.08,4.08,3.82,502719.44,0.37,9.97,3.894,3.911,3.974,251759.81,230595.82,295298.45,6.55
2020-06-29,3.77,3.77,3.71,3.69,121700.09,-0.07,-1.85,3.868,3.91,3.965,183923.96,208078.47,298317.7,1.58
2020-06-24,3.92,3.92,3.78,3.78,238549.66,-0.14,-3.57,3.914,3.946,3.961,198215.22,230119.32,313048.63,3.11
2020-06-23,3.98,4.08,3.92,3.92,245001.8,-0.06,-1.51,3.94,3.991,3.962,191077.87,251096.63,332473.78,3.19
2020-06-22,3.95,4.0,3.98,3.94,150828.06,0.03,0.76,3.944,4.012,3.944,177454.34,267196.35,323453.55,1.96
2020-06-19,3.94,4.0,3.95,3.91,163540.2,0.01,0.25,3.928,4.017,3.92,209431.83,277345.68,321376.39,2.13
2020-06-18,3.91,4.05,3.94,3.87,193156.38,0.03,0.77,3.952,4.017,3.903,232232.97,281374.08,321874.08,2.52
2020-06-17,3.95,3.96,3.91,3.84,202862.91,-0.03,-0.76,3.978,4.02,3.882,262023.42,285935.75,317138.96,2.64
2020-06-16,3.91,3.96,3.94,3.91,176884.14,0.04,1.03,4.042,4.027,3.867,311115.39,307453.61,311665.07,2.3
2020-06-15,4.05,4.06,3.9,3.89,310715.53,-0.17,-4.18,4.08,4.036,3.854,356938.35,345190.21,306948.56,4.05
2020-06-12,3.93,4.1,4.07,3.93,277545.88,0.0,0.0,4.106,4.037,3.842,345259.54,360001.09,296278.53,3.61
2020-06-11,4.2,4.24,4.07,4.04,342108.66,-0.16,-3.78,4.082,4.02,3.823,330515.19,388556.93,287299.19,4.45
2020-06-10,4.08,4.28,4.23,4.01,448322.72,0.1,2.42,4.062,3.976,3.807,309848.07,395977.94,276867.63,5.84
2020-06-09,4.01,4.3,4.13,3.97,405998.97,0.1,2.48,4.012,3.933,3.78,303791.83,413850.94,258018.47,5.29
2020-06-08,4.0,4.08,4.03,3.98,252321.45,0.08,2.02,3.992,3.876,3.758,333442.06,379710.76,243616.59,3.29
2020-06-05,3.96,4.01,3.95,3.9,203824.14,-0.02,-0.5,3.968,3.823,3.746,374742.64,365407.09,239761.9,2.65
2020-06-04,3.99,4.07,3.97,3.96,238773.05,-0.01,-0.25,3.958,3.788,3.737,446598.67,362374.08,236640.0,3.11
2020-06-03,4.05,4.13,3.98,3.95,418041.53,-0.05,-1.24,3.89,3.743,3.722,482107.81,348342.18,231092.02,5.44
2020-06-02,3.9,4.19,4.03,3.88,554250.12,0.12,3.07,3.854,3.707,3.709,523910.05,315876.54,216774.27,7.22
2020-06-01,3.91,4.01,3.91,3.84,458824.34,0.01,0.26,3.76,3.672,3.689,425979.46,268706.92,195083.25,5.97
2020-05-29,3.55,3.98,3.9,3.55,563104.31,0.27,7.44,3.678,3.646,3.67,356071.55,232555.98,176261.65,7.33
2020-05-28,3.68,3.74,3.63,3.57,416318.75,-0.17,-4.47,3.618,3.626,3.652,278149.5,186041.45,154807.62,5.42
2020-05-27,3.56,3.92,3.8,3.55,627052.75,0.24,6.74,3.596,3.637,3.654,214576.55,157757.32,139833.66,8.16
2020-05-26,3.5,3.57,3.56,3.5,64597.13,0.06,1.71,3.56,3.626,3.646,107843.02,102186.01,117047.21,0.84
2020-05-25,3.57,3.58,3.5,3.46,109284.8,-0.1,-2.78,3.584,3.64,3.656,111434.38,107522.42,121290.43,1.42
2020-05-22,3.52,3.68,3.6,3.52,173494.05,0.08,2.27,3.614,3.668,3.674,109040.41,114116.7,122892.42,2.26
2020-05-21,3.63,3.64,3.52,3.52,98454.0,-0.1,-2.76,3.634,3.685,3.686,93933.4,110905.91,121126.39,1.28
2020-05-20,3.66,3.68,3.62,3.6,93385.12,-0.06,-1.63,3.678,3.7,3.705,100938.1,113841.87,126605.91,1.22
2020-05-19,3.68,3.7,3.68,3.64,82553.93,0.03,0.82,3.692,3.71,3.714,96528.99,117672.01,131606.17,1.07
2020-05-18,3.7,3.71,3.65,3.61,97314.95,-0.05,-1.35,3.696,3.706,3.724,103610.46,121459.58,132996.88,1.27
2020-05-15,3.74,3.75,3.7,3.65,97959.0,-0.04,-1.07,3.722,3.693,3.735,119192.99,119967.33,136021.78,1.28
2020-05-14,3.65,3.75,3.74,3.63,133477.48,0.05,1.35,3.736,3.677,3.749,127878.42,123573.79,139093.46,1.74
2020-05-13,3.69,3.73,3.69,3.64,71339.59,-0.01,-0.27,3.722,3.67,3.759,126745.64,121910.01,140545.33,0.93
2020-05-12,3.78,3.79,3.7,3.64,117961.29,-0.08,-2.12,3.728,3.666,3.772,138815.03,131908.41,152532.3,1.54
2020-05-11,3.77,3.85,3.78,3.7,175227.59,0.01,0.27,3.716,3.672,3.793,139308.7,135058.43,169501.42,2.28
2020-05-08,3.71,3.79,3.77,3.69,141386.16,0.1,2.73,3.664,3.68,3.803,120741.67,131668.14,172509.82,1.84
2020-05-07,3.73,3.79,3.67,3.66,127813.58,-0.05,-1.34,3.618,3.687,3.808,119269.16,131346.87,178124.42,1.66
2020-05-06,3.59,3.73,3.72,3.56,131686.53,0.08,2.2,3.618,3.71,3.809,117074.37,139369.96,179635.62,1.71
2020-04-30,3.57,3.66,3.64,3.52,120429.62,0.12,3.41,3.604,3.718,3.814,125001.79,145540.32,184015.63,1.57
2020-04-29,3.52,3.6,3.52,3.5,82392.44,-0.02,-0.56,3.628,3.741,3.816,130808.17,144534.18,185008.62,1.07
2020-04-28,3.67,3.69,3.54,3.39,134023.62,-0.13,-3.54,3.696,3.777,3.823,142594.6,152076.24,188205.53,1.75
2020-04-27,3.66,3.73,3.67,3.62,116839.64,0.02,0.55,3.756,3.821,3.831,143424.58,154613.13,196205.22,1.52
2020-04-24,3.76,3.81,3.65,3.61,171323.62,-0.11,-2.93,3.802,3.847,3.841,161665.55,159180.65,198095.56,2.23
2020-04-23,3.88,3.88,3.76,3.76,149461.52,-0.1,-2.59,3.832,3.877,3.852,166078.86,173156.19,199839.12,1.95
2020-04-22,3.78,3.87,3.86,3.78,141324.62,0.02,0.52,3.854,3.914,3.865,158260.2,203944.41,206099.48,1.84
2020-04-21,3.83,3.87,3.84,3.81,138173.5,-0.06,-1.54,3.858,3.925,3.869,161557.88,213351.51,212625.11,1.8
2020-04-20,3.82,3.93,3.9,3.76,208044.48,0.1,2.63,3.886,3.928,3.868,165801.68,224901.98,220565.1,2.71
2020-04-17,3.89,3.96,3.8,3.79,193390.16,-0.07,-1.81,3.892,3.908,3.876,156695.75,219901.27,226938.12,2.52
2020-04-16,3.86,3.9,3.87,3.82,110368.24,-0.01,-0.26,3.922,3.91,3.892,180233.53,222490.94,243282.71,1.44
2020-04-15,3.98,3.99,3.88,3.87,157813.0,-0.1,-2.51,3.974,3.89,3.899,249628.62,225483.06,269942.88,2.05
2020-04-14,3.92,4.0,3.98,3.91,159392.52,0.05,1.27,3.992,3.868,3.916,265145.14,224334.81,307520.86,2.08
2020-04-13,3.92,3.98,3.93,3.83,162514.81,-0.02,-0.51,3.97,3.84,3.951,284002.27,237797.32,351138.44,2.12
2020-04-10,4.09,4.13,3.95,3.91,311079.09,-0.18,-4.36,3.924,3.834,4.015,283106.8,237010.48,435300.69,4.05
2020-04-09,3.96,4.23,4.13,3.96,457343.69,0.16,4.03,3.898,3.827,4.073,264748.35,226522.05,460632.49,5.95
2020-04-08,3.9,4.01,3.97,3.86,235395.59,0.1,2.58,3.806,3.815,4.099,201337.5,208254.54,480417.55,3.07
2020-04-07,3.78,3.89,3.87,3.74,253678.19,0.17,4.59,3.744,3.813,4.128,183524.48,211898.71,502952.63,3.3
2020-04-03,3.77,3.8,3.7,3.69,158037.44,-0.12,-3.14,3.71,3.808,4.146,191592.36,216228.22,516064.83,2.06
2020-04-02,3.65,3.83,3.82,3.64,219286.84,0.15,4.09,3.744,3.843,4.174,190914.16,233974.97,525887.09,2.86
2020-04-01,3.65,3.75,3.67,3.63,140289.42,0.01,0.27,3.756,3.874,4.192,188295.75,264074.49,531254.77,1.83
2020-03-31,3.76,3.78,3.66,3.62,146330.52,-0.04,-1.08,3.824,3.907,4.214,215171.59,314402.7,534575.16,1.91
2020-03-30,3.76,3.79,3.7,3.56,294017.56,-0.17,-4.39,3.882,3.964,4.235,240272.93,390706.91,542828.15,3.83
2020-03-27,3.93,3.97,3.87,3.86,154646.44,-0.01,-0.26,3.906,4.062,4.252,240864.07,464479.56,540159.49,2.01
2020-03-26,3.95,3.98,3.88,3.86,206194.81,-0.13,-3.24,3.942,4.195,4.251,277035.79,633590.91,551065.47,2.68
2020-03-25,4.03,4.06,4.01,3.95,274668.62,0.06,1.52,3.992,4.319,4.266,339853.22,694742.92,559606.53,3.58
2020-03-24,3.93,3.98,3.95,3.8,271837.22,0.13,3.4,3.99,4.383,4.269,413633.81,752580.55,568223.87,3.54
2020-03-23,3.9,4.03,3.82,3.78,296973.28,-0.23,-5.68,4.046,4.442,4.281,541140.88,794006.55,579271.97,3.87
2020-03-20,4.15,4.18,4.05,3.97,335505.03,-0.08,-1.94,4.218,4.483,4.298,688095.05,815901.45,585439.35,4.37
2020-03-19,3.93,4.19,4.13,3.87,520281.97,0.13,3.25,4.448,4.504,4.294,990146.02,817799.21,584937.85,6.77
2020-03-18,4.26,4.29,4.0,4.0,643571.56,-0.23,-5.44,4.646,4.51,4.285,1049632.62,798435.05,582267.26,8.38
2020-03-17,4.3,4.49,4.23,4.21,909372.56,-0.45,-9.62,4.776,4.521,4.285,1091527.29,754747.61,578951.88,11.84
2020-03-16,5.0,5.03,4.68,4.68,1031744.12,-0.52,-10.0,4.838,4.506,4.261,1046872.21,694949.4,544257.55,13.43
2020-03-13,5.39,5.62,5.2,5.0,1845759.88,0.08,1.56,4.748,4.441,4.209,943707.85,615839.41,502091.25,24.03
2020-03-12,4.53,5.12,5.12,4.49,817715.0,0.47,10.11,4.56,4.307,4.127,645452.41,468540.04,420622.56,10.65
2020-03-11,4.5,4.98,4.65,4.43,853044.88,0.11,2.42,4.374,4.212,4.046,547237.48,424470.13,389269.79,11.11
2020-03-10,4.12,4.55,4.54,3.94,686097.19,0.31,7.33,4.266,4.154,3.99,417967.93,383867.19,355150.76,8.93
2020-03-09,4.22,4.56,4.23,4.17,515922.31,-0.03,-0.7,4.174,4.12,3.934,343026.59,364537.4,326576.05,6.72
2020-03-06,4.17,4.37,4.26,4.13,354482.66,0.07,1.67,4.134,4.112,3.897,287970.97,354977.26,307305.86,4.62
2020-03-05,4.17,4.25,4.19,4.08,326640.38,0.08,1.95,4.054,4.084,3.856,291627.67,352076.49,298850.75,4.25
2020-03-04,4.03,4.14,4.11,4.02,206697.12,0.03,0.73,4.05,4.06,3.818,301702.77,366099.47,291493.5,2.69
2020-03-03,4.1,4.21,4.08,4.02,311390.5,0.05,1.24,4.042,4.049,3.779,349766.45,403156.15,288578.11,4.05
2020-03-02,3.88,4.07,4.03,3.88,240644.2,0.17,4.4,4.066,4.015,3.735,386048.2,393565.71,281280.62,3.13
2020-02-28,3.94,4.05,3.86,3.83,372766.16,-0.31,-7.43,4.09,3.977,3.698,421983.55,388343.08,271756.06,4.85
2020-02-27,4.06,4.35,4.17,4.06,377015.88,0.1,2.46,4.114,3.946,3.687,412525.31,372705.08,260143.95,4.91
2020-02-26,4.14,4.38,4.07,4.02,447015.53,-0.13,-3.1,4.07,3.88,3.669,430496.17,354069.45,249222.0,5.82
2020-02-25,4.05,4.28,4.2,3.84,492799.22,0.05,1.21,4.056,3.825,3.653,456545.85,326434.32,234684.39,6.42
2020-02-24,4.0,4.2,4.15,3.95,420320.94,0.17,4.27,3.964,3.748,3.635,401083.21,288614.7,215804.3,5.47
2020-02-21,3.9,4.04,3.98,3.9,325474.97,0.03,0.76,3.864,3.681,3.619,354702.62,259634.46,199786.52,4.24
2020-02-20,3.93,4.09,3.95,3.88,466870.19,-0.05,-1.25,3.778,3.627,3.612,332884.85,245625.01,189194.67,6.08
2020-02-19,3.73,4.11,4.0,3.67,577263.94,0.26,6.95,3.69,3.575,3.61,277642.73,216887.53,173349.17,7.52
2020-02-18,3.63,3.75,3.74,3.61,215486.02,0.09,2.47,3.594,3.508,3.605,196322.78,174000.06,157737.02,2.81
2020-02-17,3.56,3.66,3.65,3.52,188417.97,0.1,2.82,3.532,3.454,3.616,176146.18,168995.54,173555.71,2.45
2020-02-14,3.49,3.65,3.55,3.47,216386.12,0.04,1.14,3.498,3.418,3.644,164566.3,155169.04,207400.12,2.82
2020-02-13,3.52,3.58,3.51,3.45,190659.61,-0.01,-0.28,3.476,3.428,3.668,158365.17,147582.83,214725.63,2.48
2020-02-12,3.43,3.54,3.52,3.42,170664.2,0.09,2.62,3.46,3.458,3.686,156132.32,144374.55,216392.55,2.22
2020-02-11,3.45,3.48,3.43,3.41,114603.01,-0.05,-1.44,3.422,3.48,3.707,151677.34,142934.47,221065.41,1.49
2020-02-10,3.45,3.49,3.48,3.41,130518.57,0.04,1.16,3.376,3.522,3.729,161844.89,142993.91,227498.04,1.7
2020-02-07,3.41,3.46,3.44,3.32,185380.45,0.01,0.29,3.338,3.557,3.746,145771.78,139938.57,233873.24,2.41
2020-02-06,3.36,3.55,3.43,3.3,179495.36,0.1,3.0,3.38,3.597,3.761,136800.49,132764.33,232469.1,2.34
2020-02-05,3.2,3.43,3.33,3.17,148389.3,0.13,4.06,3.456,3.644,3.773,132616.79,129810.82,227996.39,1.93
2020-02-04,3.03,3.29,3.2,3.03,165440.77,-0.09,-2.74,3.538,3.701,3.789,134191.59,141473.98,225771.56,2.15
2020-02-03,3.29,3.29,3.29,3.29,50153.0,-0.36,-9.86,3.668,3.778,3.814,124142.92,178115.88,222545.52,0.65
2020-01-23,3.77,3.8,3.65,3.62,140524.02,-0.16,-4.2,3.776,3.87,3.836,134105.37,259631.21,224813.66,1.83
2020-01-22,3.72,3.83,3.81,3.65,158576.84,0.07,1.87,3.814,3.908,3.839,128728.16,281868.42,224854.27,2.06
2020-01-21,3.83,3.84,3.74,3.7,156263.34,-0.11,-2.86,3.832,3.913,3.831,127004.85,288410.55,221570.78,2.03
2020-01-20,3.82,3.87,3.85,3.79,115197.4,0.02,0.52,3.864,3.933,3.823,148756.37,299196.35,219591.89,1.5
2020-01-17,3.87,3.87,3.83,3.81,99965.23,-0.01,-0.26,3.888,3.935,3.814,232088.83,312002.17,221493.52,1.3
2020-01-16,3.88,3.92,3.84,3.84,113638.0,-0.06,-1.54,3.964,3.934,3.812,385157.05,327807.9,225097.76,1.48
2020-01-15,3.91,3.93,3.9,3.85,149960.3,0.0,0.0,4.002,3.925,3.81,435008.68,332173.87,233547.01,1.95
2020-01-14,3.95,3.97,3.9,3.89,265020.94,-0.07,-1.76,3.994,3.901,3.802,449816.24,326181.96,235382.93,3.45
2020-01-13,4.0,4.0,3.97,3.89,531859.69,-0.24,-5.7,4.002,3.877,3.792,449636.33,310069.13,229680.46,6.93
2020-01-10,4.43,4.43,4.21,4.11,865306.31,0.18,4.47,3.982,3.849,3.776,391915.5,266975.16,211164.2,11.27
2020-01-09,3.9,4.04,4.03,3.87,362896.16,0.17,4.4,3.904,3.801,3.75,270458.75,189996.11,180434.29,4.73
2020-01-08,3.91,3.98,3.86,3.85,223998.11,-0.08,-2.03,3.848,3.769,3.728,229339.06,167840.12,167328.81,2.92
2020-01-07,3.87,4.0,3.94,3.85,264121.38,0.07,1.81,3.808,3.748,3.718,202547.68,154731.02,164508.63,3.44
2020-01-06,3.92,3.95,3.87,3.83,243255.56,0.05,1.31,3.752,3.712,3.699,170501.93,139987.42,156187.72,3.17
2020-01-03,3.75,3.96,3.82,3.74,258022.55,0.07,1.87,3.716,3.693,3.684,142034.82,130984.87,148552.02,3.36
2020-01-02,3.69,3.79,3.75,3.67,157297.72,0.09,2.46,3.698,3.69,3.672,109533.46,122387.62,140471.02,2.05
2019-12-31,3.66,3.72,3.66,3.64,90041.21,0.0,0.0,3.69,3.694,3.661,106341.17,134920.14,136076.21,1.17
2019-12-30,3.68,3.69,3.66,3.58,103892.61,-0.03,-0.81,3.688,3.702,3.656,106914.36,144583.89,136784.22,1.35
2019-12-27,3.73,3.77,3.69,3.67,100920.0,-0.04,-1.07,3.672,3.706,3.647,109472.92,149291.79,135624.17,1.31
2019-12-26,3.71,3.74,3.73,3.68,95515.76,0.02,0.54,3.67,3.703,3.635,119934.92,155353.25,133623.35,1.24
2019-12-25,3.63,3.76,3.71,3.61,141336.27,0.06,1.64,3.682,3.699,3.619,135241.79,170872.47,131970.82,1.84
2019-12-24,3.59,3.65,3.65,3.56,92907.14,0.07,1.96,3.698,3.687,3.608,163499.12,166817.51,128694.35,1.21
2019-12-23,3.63,3.68,3.58,3.57,116685.42,-0.1,-2.72,3.716,3.687,3.6,182253.43,174286.24,127180.09,1.52
2019-12-20,3.78,3.8,3.68,3.68,153230.02,-0.11,-2.9,3.74,3.686,3.595,189110.66,172388.01,125919.25,2.0
2019-12-19,3.78,3.83,3.79,3.72,172050.09,0.0,0.0,3.736,3.675,3.588,190771.57,166119.17,124702.58,2.24
2019-12-18,3.73,3.94,3.79,3.71,282622.91,0.05,1.34,3.716,3.653,3.579,206503.16,158554.42,123571.16,3.68
2019-12-17,3.71,3.79,3.74,3.69,186678.7,0.04,1.08,3.676,3.628,3.57,170135.91,137232.27,119191.47,2.43
2019-12-16,3.64,3.72,3.7,3.62,150971.56,0.04,1.09,3.658,3.609,3.562,166319.04,128984.56,123066.6,1.97
2019-12-13,3.67,3.71,3.66,3.6,161534.59,-0.03,-0.81,3.632,3.588,3.55,155665.37,121956.54,125582.54,2.1
2019-12-12,3.58,3.85,3.69,3.57,250708.02,0.1,2.79,3.614,3.566,3.542,141466.78,111893.45,137838.81,3.26
2019-12-11,3.63,3.66,3.59,3.58,100786.66,-0.06,-1.64,3.59,3.538,3.539,110605.67,93069.17,136359.06,1.31
2019-12-10,3.58,3.67,3.65,3.54,167594.39,0.08,2.24,3.58,3.528,3.524,104328.64,90571.19,133873.5,2.18
2019-12-09,3.56,3.62,3.57,3.54,97703.18,0.0,0.0,3.56,3.512,3.508,91650.07,80073.93,128017.31,1.27
2019-12-06,3.56,3.58,3.57,3.53,90541.64,0.0,0.0,3.544,3.504,3.495,88247.72,79450.49,126943.66,1.18
2019-12-05,3.54,3.6,3.57,3.51,96402.5,0.03,0.85,3.518,3.5,3.487,82320.13,83285.98,124896.98,1.26
2019-12-04,3.54,3.58,3.54,3.5,69401.49,-0.01,-0.28,3.486,3.505,3.479,75532.67,88587.9,122690.61,0.9
2019-12-03,3.46,3.57,3.55,3.42,104201.52,0.06,1.72,3.476,3.511,3.473,76813.74,101150.66,123186.21,1.36
2019-12-02,3.44,3.53,3.49,3.43,80691.45,0.05,1.45,3.464,3.515,3.472,68497.8,117148.65,120882.52,1.05
2019-11-29,3.44,3.48,3.44,3.4,60903.67,0.03,0.88,3.464,3.511,3.473,70653.27,129208.54,119585.47,0.79
2019-11-28,3.5,3.5,3.41,3.41,62465.23,-0.08,-2.29,3.482,3.517,3.478,84251.84,163784.18,119053.24,0.81
2019-11-27,3.48,3.51,3.49,3.39,75806.84,0.0,0.0,3.524,3.539,3.482,101643.14,179648.94,119649.63,0.99
2019-11-26,3.48,3.54,3.49,3.47,62621.82,0.0,0.0,3.546,3.52,3.482,125487.57,177175.8,119224.14,0.82
2019-11-25,3.56,3.58,3.49,3.47,91468.78,-0.04,-1.13,3.566,3.504,3.487,165799.49,175960.69,119862.06,1.19
2019-11-22,3.67,3.67,3.53,3.52,128896.54,-0.09,-2.49,3.558,3.485,3.495,187763.81,174436.82,120054.01,1.68
2019-11-21,3.58,3.7,3.62,3.55,149421.7,0.02,0.56,3.552,3.473,3.496,243316.51,166507.98,116375.91,1.95
2019-11-20,3.6,3.67,3.6,3.56,195029.02,0.01,0.28,3.554,3.453,3.493,257654.74,156793.31,112141.78,2.54
2019-11-19,3.43,3.66,3.59,3.42,264181.41,0.14,4.06,3.494,3.435,3.492,228864.04,145221.76,105555.36,3.44
2019-11-18,3.39,3.47,3.45,3.31,201290.39,-0.05,-1.43,3.442,3.428,3.493,186121.9,124616.39,95419.9,2.62
2019-11-15,3.71,3.86,3.5,3.49,406660.03,-0.13,-3.58,3.412,3.435,3.498,161109.82,109962.41,89312.99,5.3
2019-11-14,3.28,3.63,3.63,3.28,221112.84,0.33,10.0,3.394,3.439,3.503,89699.46,74322.3,72342.79,2.88
2019-11-13,3.3,3.33,3.3,3.26,51075.51,-0.03,-0.9,3.352,3.424,3.502,55931.89,59650.33,64946.84,0.67
2019-11-12,3.3,3.34,3.33,3.25,50470.72,0.03,0.91,3.376,3.443,3.521,61579.48,61272.47,66195.95,0.66
2019-11-11,3.4,3.4,3.3,3.3,76230.0,-0.11,-3.23,3.414,3.469,3.543,63110.88,63763.43,67127.6,0.99
2019-11-08,3.42,3.45,3.41,3.4,49608.22,-0.01,-0.29,3.458,3.504,3.569,58814.99,65671.2,67051.63,0.65
2019-11-07,3.42,3.45,3.42,3.38,52275.0,0.0,0.0,3.484,3.518,3.589,58945.15,66243.85,69643.17,0.68
2019-11-06,3.51,3.54,3.42,3.4,79313.45,-0.1,-2.84,3.496,3.532,3.605,63368.76,67490.24,71043.03,1.03
2019-11-05,3.53,3.57,3.52,3.49,58127.75,0.0,0.0,3.51,3.548,3.619,60965.46,65888.95,70343.56,0.76
2019-11-04,3.55,3.57,3.52,3.51,54750.54,-0.02,-0.56,3.524,3.557,3.627,64415.97,66223.41,71341.09,0.71
2019-11-01,3.46,3.54,3.54,3.44,50259.0,0.06,1.72,3.55,3.561,3.639,72527.42,68663.58,72633.42,0.65
2019-10-31,3.52,3.56,3.48,3.46,74393.07,-0.01,-0.29,3.552,3.566,3.654,73542.54,70363.27,75326.37,0.97
2019-10-30,3.56,3.59,3.49,3.48,67296.92,-0.1,-2.79,3.568,3.58,3.665,71611.72,70243.34,78406.61,0.88
2019-10-29,3.64,3.68,3.59,3.59,75380.32,-0.06,-1.64,3.586,3.598,3.687,70812.45,71119.43,81995.48,0.98
2019-10-28,3.54,3.66,3.65,3.54,95307.77,0.1,2.82,3.59,3.616,3.704,68030.85,70491.77,82531.08,1.24
2019-10-25,3.56,3.57,3.55,3.49,55334.63,-0.01,-0.28,3.572,3.634,3.717,64799.74,68432.06,81888.74,0.72
2019-10-24,3.55,3.59,3.56,3.49,64738.98,-0.02,-0.56,3.58,3.66,3.737,67184.0,73042.5,84919.67,0.84
2019-10-23,3.62,3.63,3.58,3.55,63300.55,-0.03,-0.83,3.592,3.678,3.754,68874.96,74595.82,85048.02,0.82
2019-10-22,3.56,3.62,3.61,3.52,61472.33,0.05,1.4,3.61,3.689,3.767,71426.4,74798.17,85158.75,0.8
2019-10-21,3.59,3.6,3.56,3.48,79152.19,-0.03,-0.84,3.642,3.697,3.78,72952.7,76458.77,87182.62,1.03
2019-10-18,3.62,3.67,3.59,3.55,67255.93,-0.03,-0.83,3.696,3.716,3.8,72064.39,76603.26,87392.48,0.88
2019-10-17,3.65,3.71,3.62,3.6,73193.82,-0.05,-1.36,3.74,3.741,3.819,78901.01,80289.47,88240.05,0.95
2019-10-16,3.78,3.79,3.67,3.66,76057.75,-0.1,-2.65,3.764,3.75,3.833,80316.68,86569.88,91172.27,0.99
2019-10-15,3.81,3.84,3.77,3.76,69103.79,-0.06,-1.57,3.768,3.775,3.849,78169.93,92871.53,94875.95,0.9
2019-10-14,3.83,3.86,3.83,3.79,74710.65,0.02,0.53,3.752,3.792,3.862,79964.84,94570.38,102655.54,0.97
2019-10-11,3.75,3.82,3.81,3.73,101439.02,0.07,1.87,3.736,3.799,3.871,81142.13,95345.42,121359.16,1.32
2019-10-10,3.68,3.77,3.74,3.65,80272.2,0.05,1.35,3.742,3.814,3.871,81677.92,96796.83,124478.53,1.05
2019-10-09,3.67,3.7,3.69,3.61,65324.0,0.0,0.0,3.736,3.829,3.873,92823.08,95500.21,126832.78,0.85
2019-10-08,3.73,3.77,3.69,3.66,78078.32,-0.06,-1.6,3.782,3.845,3.876,107573.12,95519.34,130930.74,1.02
2019-09-30,3.85,3.88,3.75,3.73,80597.1,-0.09,-2.34,3.832,3.862,3.876,109175.92,97906.47,133216.89,1.05
2019-09-27,3.65,3.84,3.84,3.65,104118.0,0.13,3.5,3.862,3.884,3.868,109548.7,98181.7,134634.66,1.36
2019-09-26,3.92,3.92,3.71,3.71,135998.0,-0.21,-5.36,3.886,3.896,3.861,111915.74,96190.64,135317.27,1.77
2019-09-25,3.91,4.05,3.92,3.9,139074.2,-0.02,-0.51,3.922,3.915,3.859,98177.34,95774.66,133107.22,1.81
2019-09-24,3.92,3.99,3.94,3.89,86092.32,0.04,1.03,3.908,3.922,3.847,83465.55,96880.36,131494.16,1.12
2019-09-23,3.95,3.96,3.9,3.85,82461.0,-0.06,-1.51,3.892,3.932,3.829,86637.01,110740.69,131326.34,1.07
2019-09-20,3.89,4.01,3.96,3.89,115953.19,0.07,1.8,3.906,3.943,3.815,86814.69,147372.9,130615.09,1.51
2019-09-19,3.87,3.9,3.89,3.83,67306.01,0.04,1.04,3.906,3.928,3.8,80465.54,152160.23,129298.35,0.88
2019-09-18,3.86,3.92,3.85,3.83,65515.23,-0.01,-0.26,3.908,3.917,3.788,93371.98,158165.35,130820.54,0.85
2019-09-17,3.96,3.97,3.86,3.84,101949.62,-0.11,-2.77,3.936,3.906,3.776,110295.18,166342.13,135744.25,1.33
2019-09-16,3.98,4.01,3.97,3.95,83349.4,0.01,0.25,3.972,3.89,3.764,134844.38,168527.31,135642.87,1.09
2019-09-12,3.93,3.99,3.96,3.92,84207.44,0.06,1.54,3.98,3.851,3.74,207931.11,171087.63,134678.85,1.1
2019-09-11,4.01,4.03,3.9,3.9,131838.23,-0.09,-2.26,3.95,3.826,3.716,223854.92,174443.9,134835.38,1.72
2019-09-10,4.02,4.05,3.99,3.96,150131.2,-0.05,-1.24,3.926,3.803,3.693,222958.72,170439.77,131613.78,1.95
2019-09-09,4.0,4.06,4.04,3.95,224695.62,0.03,0.75,3.876,3.772,3.666,222389.09,166107.96,127504.57,2.93
2019-09-06,3.85,4.15,4.01,3.82,448783.06,0.2,5.25,3.808,3.726,3.635,202210.24,151911.99,119779.9,5.84
2019-09-05,3.79,3.87,3.81,3.78,163826.47,0.03,0.79,3.722,3.687,3.603,134244.15,113857.27,100844.2,2.13
2019-09-04,3.75,3.82,3.78,3.73,127357.27,0.04,1.07,3.702,3.672,3.583,125032.89,106436.47,95742.99,1.66
2019-09-03,3.71,3.79,3.74,3.7,147283.02,0.04,1.08,3.68,3.659,3.563,117920.82,103475.73,92383.27,1.92
2019-09-02,3.59,3.72,3.7,3.59,123801.39,0.12,3.35,3.668,3.646,3.544,109826.82,105146.37,90109.89,1.61
2019-08-30,3.75,3.75,3.58,3.58,108952.62,-0.13,-3.5,3.644,3.637,3.533,101613.74,102758.44,87052.52,1.42
2019-08-29,3.69,3.73,3.71,3.67,117770.13,0.04,1.09,3.652,3.629,3.532,93470.39,98270.07,86276.94,1.53
2019-08-28,3.66,3.72,3.67,3.65,91796.96,-0.01,-0.27,3.642,3.606,3.528,87840.06,95226.86,83095.33,1.2
2019-08-27,3.63,3.72,3.68,3.6,106813.02,0.1,2.79,3.638,3.582,3.528,89030.64,92787.79,80964.19,1.39
2019-08-26,3.52,3.6,3.58,3.49,82735.98,-0.04,-1.1,3.624,3.559,3.53,100465.92,88901.19,77672.38,1.08
2019-08-23,3.66,3.69,3.62,3.61,68235.87,-0.04,-1.09,3.63,3.544,3.536,103903.13,87647.8,76051.46,0.89
2019-08-22,3.64,3.72,3.66,3.63,89618.46,0.01,0.27,3.606,3.518,3.541,103069.75,87831.12,75084.17,1.17
2019-08-21,3.58,3.66,3.65,3.58,97749.87,0.04,1.11,3.57,3.494,3.543,102613.66,85049.5,73675.55,1.27
2019-08-20,3.59,3.78,3.61,3.59,163989.41,0.0,0.0,3.526,3.467,3.544,96544.94,81290.81,72127.43,2.14
2019-08-19,3.52,3.61,3.61,3.51,99922.06,0.11,3.14,3.494,3.442,3.545,77336.46,75073.4,66623.28,1.3
2019-08-16,3.46,3.54,3.5,3.46,64068.95,0.02,0.57,3.458,3.429,3.545,71392.47,71346.6,67665.05,0.83
2019-08-15,3.3,3.49,3.48,3.3,87338.0,0.05,1.46,3.43,3.435,3.559,72592.49,74283.8,68168.44,1.14
2019-08-14,3.5,3.52,3.43,3.42,67406.27,-0.02,-0.58,3.418,3.45,3.573,67485.34,70963.8,68065.19,0.88
2019-08-13,3.4,3.45,3.45,3.37,67947.02,0.02,0.58,3.408,3.473,3.594,66036.69,69140.6,70546.99,0.88
2019-08-12,3.36,3.43,3.43,3.31,70202.11,0.07,2.08,3.39,3.5,3.614,72810.34,66443.56,71640.74,0.91
2019-08-09,3.44,3.47,3.36,3.32,70069.03,-0.06,-1.75,3.4,3.527,3.634,71300.72,64455.13,72240.8,0.91
2019-08-08,3.38,3.46,3.42,3.38,61802.28,0.04,1.18,3.44,3.563,3.654,75975.12,62337.22,72167.7,0.8
2019-08-07,3.38,3.42,3.38,3.35,60163.01,0.02,0.59,3.482,3.591,3.673,74442.26,62301.6,74896.21,0.78
2019-08-06,3.4,3.41,3.36,3.24,101815.29,-0.12,-3.45,3.538,3.62,3.698,72244.5,62964.04,80300.62,1.33
2019-08-05,3.53,3.59,3.48,3.47,62654.0,-0.08,-2.25,3.61,3.648,3.72,60076.78,58173.15,79852.94,0.82
2019-08-02,3.58,3.59,3.56,3.47,93441.0,-0.07,-1.93,3.654,3.661,3.737,57609.53,63983.51,82894.03,1.22
2019-08-01,3.65,3.65,3.63,3.6,54138.01,-0.03,-0.82,3.686,3.682,3.756,48699.33,62053.09,82201.3,0.7
2019-07-31,3.71,3.71,3.66,3.64,49174.21,-0.06,-1.61,3.7,3.695,3.774,50160.93,65166.59,84219.7,0.64
2019-07-30,3.7,3.74,3.72,3.68,40976.7,0.02,0.54,3.702,3.714,3.791,53683.58,71953.39,88057.01,0.53
2019-07-29,3.7,3.75,3.7,3.69,50317.73,-0.02,-0.54,3.686,3.727,3.808,56269.52,76837.92,91925.58,0.66
2019-07-26,3.68,3.72,3.72,3.67,48890.01,0.02,0.54,3.668,3.74,3.827,70357.48,80026.47,97732.51,0.64
2019-07-25,3.66,3.73,3.7,3.66,61446.0,0.03,0.82,3.678,3.745,3.838,75406.84,81998.18,101271.2,0.8
2019-07-24,3.65,3.73,3.67,3.65,66787.47,0.03,0.82,3.69,3.755,3.855,80172.24,87490.82,104881.54,0.87
2019-07-23,3.62,3.65,3.64,3.59,53906.37,0.03,0.83,3.726,3.775,3.873,90223.19,97637.21,108709.37,0.7
2019-07-22,3.77,3.8,3.61,3.58,120757.55,-0.16,-4.24,3.768,3.791,3.891,97406.33,101532.74,114362.11,1.57
2019-07-19,3.79,3.82,3.77,3.76,74136.82,0.01,0.27,3.812,3.813,3.914,89695.45,101804.55,116844.09,0.97
2019-07-18,3.83,3.83,3.76,3.75,85273.0,-0.09,-2.34,3.812,3.83,3.928,88589.52,102349.51,126866.61,1.11
2019-07-17,3.8,3.88,3.85,3.8,117042.22,0.0,0.0,3.82,3.852,3.937,94809.4,103272.81,131326.76,1.52
2019-07-16,3.85,3.91,3.85,3.82,89822.05,0.02,0.52,3.824,3.867,3.939,105051.22,104160.63,132286.58,1.17
2019-07-15,3.84,3.86,3.83,3.76,82203.18,0.06,1.59,3.814,3.889,3.939,105659.14,107013.25,133166.57,1.07
2019-07-12,3.8,3.83,3.77,3.76,68607.15,-0.03,-0.79,3.814,3.913,3.941,113913.65,115438.54,135044.61,0.89
2019-07-11,3.86,3.9,3.8,3.78,116372.42,-0.07,-1.81,3.848,3.931,3.948,116109.5,120544.21,139830.81,1.52
2019-07-10,3.79,4.04,3.87,3.78,168251.31,0.07,1.84,3.884,3.954,3.96,111736.22,122272.25,141755.15,2.19
2019-07-09,3.81,3.83,3.8,3.74,92861.66,-0.03,-0.78,3.91,3.971,3.968,103270.04,119781.52,146234.37,1.21
2019-07-08,3.94,3.94,3.83,3.78,123475.71,-0.11,-2.79,3.964,3.991,3.976,108367.35,127191.48,155007.18,1.61
2019-07-05,3.95,3.98,3.94,3.93,79586.38,-0.04,-1.0,4.012,4.015,3.973,116963.44,131883.63,156611.2,1.04
2019-07-04,4.02,4.03,3.98,3.94,94506.05,-0.02,-0.5,4.014,4.026,3.958,124978.93,151383.71,164792.95,1.23
2019-07-03,4.04,4.07,4.0,3.94,125920.42,-0.07,-1.72,4.024,4.021,3.956,132808.28,159380.7,174536.85,1.64
2019-07-02,4.07,4.1,4.07,4.03,118348.17,0.0,0.0,4.032,4.011,3.948,136293.0,160412.53,178887.28,1.54
2019-07-01,4.04,4.08,4.07,4.0,166456.17,0.12,3.04,4.018,3.989,3.94,146015.61,159319.89,187185.67,2.17
2019-06-28,4.03,4.04,3.95,3.9,119663.85,-0.08,-1.99,4.018,3.968,3.937,146803.83,154650.68,189413.51,1.56
2019-06-27,4.02,4.07,4.03,4.0,133652.8,-0.01,-0.25,4.038,3.965,3.942,177788.48,159117.42,197804.64,1.74
2019-06-26,3.99,4.11,4.04,3.96,143344.02,0.04,1.0,4.018,3.966,3.948,185953.12,161238.05,207493.34,1.87
2019-06-25,4.06,4.07,4.0,3.96,166961.2,-0.07,-1.72,3.99,3.965,3.95,184532.05,172687.21,219892.51,2.17
2019-06-24,4.01,4.11,4.07,4.01,170397.28,0.02,0.49,3.96,3.961,3.954,172624.16,182822.88,230016.55,2.22
2019-06-21,3.97,4.1,4.05,3.97,274587.12,0.12,3.05,3.918,3.93,3.944,162497.54,181338.76,250562.64,3.58
2019-06-20,3.88,3.97,3.93,3.81,174476.0,0.03,0.77,3.892,3.89,3.957,140446.35,178202.19,286133.06,2.27
2019-06-19,3.93,3.97,3.9,3.9,136238.64,0.05,1.3,3.914,3.891,3.979,136522.98,189692.99,296547.21,1.77
2019-06-18,3.88,3.92,3.85,3.83,107421.77,-0.01,-0.26,3.94,3.884,3.983,160842.37,197362.03,310428.03,1.4
2019-06-17,3.9,3.95,3.86,3.83,119764.15,-0.06,-1.53,3.962,3.89,3.997,193021.6,215051.46,331436.44,1.56
2019-06-14,4.04,4.1,3.92,3.88,164331.17,-0.12,-2.97,3.942,3.906,4.008,200179.98,224176.34,358133.09,2.14
2019-06-13,4.03,4.1,4.04,3.98,154859.19,0.01,0.25,3.888,3.919,4.013,215958.03,236491.86,377074.32,2.02
2019-06-12,3.96,4.09,4.03,3.96,257835.56,0.07,1.77,3.868,3.93,4.001,242863.0,253748.63,379598.53,3.36
2019-06-11,3.77,3.98,3.96,3.76,268317.94,0.2,5.32,3.828,3.935,3.989,233881.69,267097.81,379654.98,3.49
2019-06-10,3.7,3.81,3.76,3.68,155556.02,0.11,3.01,3.818,3.946,3.976,237081.31,277210.23,374572.93,2.03
2019-06-06,3.91,3.93,3.65,3.65,243221.44,-0.29,-7.36,3.87,3.958,3.978,248172.7,319786.52,378222.1,3.17
2019-06-05,3.88,4.03,3.94,3.8,289384.03,0.11,2.87,3.95,4.023,3.976,257025.68,394063.92,372830.67,3.77
2019-06-04,3.9,3.99,3.83,3.78,212929.02,-0.08,-2.05,3.992,4.067,3.961,264634.27,403401.43,366944.93,2.77
2019-06-03,4.02,4.02,3.91,3.76,284316.03,-0.11,-2.74,4.042,4.082,3.95,300313.93,423494.02,364101.18,3.7
2019-05-31,4.05,4.13,4.02,3.98,211013.0,-0.03,-0.74,4.074,4.103,3.93,317339.14,447821.42,362379.07,2.75
2019-05-30,4.14,4.15,4.05,3.94,287486.34,-0.1,-2.41,4.046,4.109,3.924,391400.34,492089.85,365219.22,3.74
2019-05-29,4.02,4.17,4.15,4.01,327426.94,0.07,1.72,4.096,4.106,3.923,531102.16,517656.77,372014.0,4.26
2019-05-28,4.11,4.22,4.08,4.04,391327.34,0.01,0.25,4.142,4.071,3.939,542168.59,505448.43,372822.85,5.1
2019-05-27,3.89,4.1,4.07,3.84,369442.09,0.19,4.9,4.122,4.042,3.954,546674.12,492212.16,368405.68,4.81
2019-05-24,4.01,4.12,3.88,3.88,581319.0,-0.42,-9.77,4.132,4.005,3.982,578303.69,471935.64,361146.62,7.57
2019-05-23,4.48,4.66,4.3,4.25,985995.44,-0.08,-1.83,4.172,3.997,4.016,592779.35,436657.67,347980.96,12.84
2019-05-22,3.98,4.38,4.38,3.97,382759.06,0.4,10.05,4.116,3.929,4.041,504211.39,351597.42,319280.33,4.98
2019-05-21,3.96,4.03,3.98,3.77,413855.0,-0.14,-3.4,4.0,3.855,4.061,468728.27,330488.43,319187.93,5.39
2019-05-20,4.43,4.49,4.12,4.1,527589.94,0.04,0.98,3.962,3.817,4.104,437750.2,304708.33,338010.68,6.87
2019-05-17,3.96,4.37,4.08,3.94,653697.31,0.06,1.49,3.878,3.756,4.133,365567.59,276936.73,332759.89,8.51
2019-05-16,3.8,4.18,4.02,3.8,543155.62,0.22,5.79,3.822,3.738,4.161,280535.99,238348.6,319667.22,7.07
2019-05-15,3.78,3.87,3.8,3.76,205343.5,0.01,0.26,3.742,3.739,4.181,198983.45,226371.24,301074.77,2.67
2019-05-14,3.65,3.93,3.79,3.63,258964.62,0.09,2.43,3.71,3.807,4.213,192248.58,240197.26,301726.92,3.37
2019-05-13,3.75,3.81,3.7,3.68,166676.92,-0.1,-2.63,3.672,3.866,4.25,171666.45,244599.2,300627.79,2.17
2019-05-10,3.62,3.8,3.8,3.54,228539.31,0.18,4.97,3.634,3.959,4.294,188305.87,250357.6,303911.18,2.98
2019-05-09,3.6,3.71,3.62,3.56,135392.92,-0.02,-0.55,3.654,4.035,4.333,196161.2,259304.26,303054.2,1.76
2019-05-08,3.51,3.76,3.64,3.46,171669.12,0.04,1.11,3.736,4.152,4.379,253759.02,286963.25,311067.81,2.24
2019-05-07,3.51,3.63,3.6,3.46,156054.0,0.09,2.56,3.904,4.267,4.429,288145.94,307887.44,315789.43,2.03
2019-05-06,3.79,3.79,3.51,3.51,249874.02,-0.39,-10.0,4.06,4.391,4.482,317531.94,371313.04,322028.34,3.25
2019-04-30,3.97,4.08,3.9,3.84,267815.94,-0.13,-3.23,4.284,4.51,4.539,312409.32,388583.04,329924.75,3.49
2019-04-29,4.5,4.51,4.03,4.03,423382.0,-0.45,-10.04,4.416,4.583,4.575,322447.31,400985.84,334614.96,5.51
2019-04-26,4.35,4.58,4.48,4.3,343603.75,0.1,2.28,4.568,4.623,4.595,320167.48,375778.3,326471.86,4.47
2019-04-25,4.59,4.7,4.38,4.38,302984.0,-0.25,-5.4,4.63,4.618,4.587,327628.93,363256.59,323053.18,3.95
2019-04-24,4.56,4.66,4.63,4.52,224260.91,0.07,1.53,4.722,4.634,4.585,425094.13,356656.39,322605.65,2.92
2019-04-23,4.76,4.77,4.56,4.52,318005.91,-0.23,-4.8,4.736,4.628,4.577,464756.76,357464.76,327661.45,4.14
2019-04-22,4.78,4.96,4.79,4.75,411982.81,0.0,0.0,4.75,4.631,4.575,479524.37,346804.15,322276.16,5.36
2019-04-19,4.8,4.83,4.79,4.67,380911.03,-0.05,-1.03,4.678,4.605,4.567,431389.12,335172.37,315325.47,4.96
2019-04-18,4.64,5.04,4.84,4.61,790310.0,0.14,2.98,4.606,4.59,4.56,398884.24,323691.42,313649.3,10.29
2019-04-17,4.61,4.73,4.7,4.6,422574.06,0.07,1.51,4.546,4.572,4.547,288218.65,272743.65,288284.55,5.5
2019-04-16,4.4,4.67,4.63,4.39,391843.94,0.2,4.51,4.52,4.567,4.543,250172.76,271266.46,280554.56,5.1
2019-04-15,4.46,4.56,4.43,4.43,171306.58,0.0,0.0,4.512,4.567,4.542,214083.93,268244.07,274689.11,2.23
2019-04-12,4.53,4.54,4.43,4.37,218386.64,-0.11,-2.42,4.532,4.566,4.548,238955.62,277165.42,280980.64,2.84
2019-04-11,4.58,4.65,4.54,4.5,236982.02,-0.03,-0.66,4.574,4.555,4.55,248498.6,282849.77,292106.04,3.09
2019-04-10,4.54,4.62,4.57,4.47,232344.62,-0.02,-0.44,4.598,4.536,4.561,257268.64,288554.91,318323.6,3.03
2019-04-09,4.53,4.63,4.59,4.45,211399.81,0.06,1.32,4.614,4.525,4.589,292360.16,297858.15,361060.54,2.75
2019-04-08,4.65,4.67,4.53,4.45,295665.03,-0.11,-2.37,4.622,4.519,4.594,322404.21,297748.17,380216.55,3.85
2019-04-04,4.65,4.7,4.64,4.6,266101.53,-0.02,-0.43,4.6,4.528,4.59,315375.22,295478.56,408384.71,3.46
2019-04-03,4.63,4.66,4.66,4.55,280832.22,0.01,0.21,4.536,4.529,4.587,317200.94,303607.18,429608.41,3.66
2019-04-02,4.71,4.85,4.65,4.61,407802.19,0.02,0.43,4.474,4.521,4.58,319841.17,303825.45,453748.12,5.31
2019-04-01,4.45,4.67,4.63,4.45,361620.06,0.21,4.75,4.436,4.518,4.57,303356.14,289842.67,469761.0,4.71
2019-03-29,4.3,4.43,4.42,4.21,260520.09,0.1,2.31,4.416,4.517,4.55,273092.13,281134.16,475236.83,3.39
2019-03-28,4.35,4.53,4.32,4.29,275230.16,-0.03,-0.69,4.456,4.53,4.539,275581.91,284795.86,480432.93,3.58
2019-03-27,4.49,4.52,4.35,4.27,294033.34,-0.11,-2.47,4.522,4.544,4.536,290013.42,301362.31,482353.41,3.83
2019-03-26,4.54,4.67,4.46,4.44,325377.03,-0.07,-1.54,4.568,4.586,4.529,287809.72,348092.29,489353.54,4.24
2019-03-25,4.53,4.6,4.53,4.45,210300.02,-0.09,-1.95,4.6,4.653,4.517,276329.21,424262.94,516512.91,2.74
2019-03-22,4.65,4.65,4.62,4.5,272969.0,-0.03,-0.65,4.618,4.669,4.512,289176.18,462684.94,556451.5,3.55
2019-03-21,4.57,4.69,4.65,4.55,347387.69,0.07,1.53,4.604,4.652,4.496,294009.81,521290.85,582407.42,4.52
2019-03-20,4.6,4.62,4.58,4.43,283014.88,-0.04,-0.87,4.566,4.645,4.469,312711.19,555609.64,620819.36,3.69
2019-03-19,4.62,4.71,4.62,4.55,267974.44,0.0,0.0,4.604,4.639,4.455,408374.86,603670.8,667553.52,3.49
2019-03-18,4.55,4.63,4.62,4.48,274534.91,0.07,1.54,4.706,4.622,4.42,572196.67,649679.32,674645.35,3.57
2019-03-15,4.51,4.58,4.55,4.46,297137.12,0.09,2.02,4.72,4.583,4.381,636193.69,669339.5,677234.87,3.87
2019-03-14,4.67,4.75,4.46,4.4,440894.62,-0.31,-6.5,4.7,4.547,4.341,748571.9,676070.01,677633.95,5.74
2019-03-13,5.0,5.05,4.77,4.72,761333.19,-0.36,-7.02,4.724,4.528,4.302,798508.09,663344.51,666478.83,9.91
2019-03-12,4.71,5.16,5.13,4.64,1087083.5,0.44,9.38,4.674,4.471,4.247,798966.75,630614.78,640316.92,14.15
2019-03-11,4.52,4.77,4.69,4.51,594520.0,0.24,5.39,4.538,4.381,4.17,727161.97,608762.89,593801.7,7.74
2019-03-08,4.48,4.95,4.45,4.38,859028.19,-0.13,-2.84,4.446,4.355,4.112,702485.31,650218.06,570327.1,11.19
2019-03-07,4.48,4.65,4.58,4.4,690575.56,0.06,1.33,4.394,4.339,4.061,603568.12,643523.99,532421.84,8.99
2019-03-06,4.46,4.56,4.52,4.33,763626.5,0.07,1.57,4.332,4.293,3.996,528180.93,686029.08,506471.62,9.94
2019-03-05,4.22,4.47,4.45,4.17,728059.62,0.22,5.2,4.268,4.271,3.939,462262.81,731436.24,472648.75,9.48
2019-03-04,4.2,4.33,4.23,4.19,471136.69,0.04,0.95,4.224,4.217,3.888,490363.8,699611.38,443250.27,6.13
2019-03-01,4.25,4.27,4.19,4.1,364442.22,-0.08,-1.87,4.264,4.179,3.855,597950.81,685130.23,425404.87,4.75
2019-02-28,4.2,4.28,4.27,4.18,313639.62,0.07,1.67,4.284,4.134,3.827,683479.86,679197.89,416597.84,4.08
2019-02-27,4.2,4.27,4.2,4.13,434035.91,-0.03,-0.71,4.254,4.076,3.802,843877.23,669613.15,407495.08,5.65
2019-02-26,4.38,4.38,4.23,4.17,868564.56,-0.2,-4.51,4.274,4.023,3.777,1000609.67,650019.06,390913.84,11.31
2019-02-25,4.38,4.51,4.43,4.22,1009071.75,0.14,3.26,4.21,3.958,3.752,908858.95,578840.51,355057.81,13.14
2019-02-22,4.08,4.35,4.29,4.08,792087.44,0.17,4.13,4.094,3.869,3.721,772309.66,490436.14,313332.67,10.31
2019-02-21,4.25,4.33,4.12,4.1,1115626.5,-0.18,-4.19,3.984,3.783,3.695,674915.92,421319.7,281907.25,14.53
2019-02-20,3.91,4.3,4.3,3.85,1217698.12,0.39,9.97,3.898,3.699,3.675,495349.06,326914.17,236218.58,15.86
2019-02-19,3.86,3.94,3.91,3.74,409810.94,0.06,1.56,3.772,3.606,3.652,299428.45,213861.25,183631.97,5.34
2019-02-18,3.76,3.85,3.85,3.73,326325.28,0.11,2.94,3.706,3.559,3.651,248822.08,186889.16,175236.11,4.25
2019-02-15,3.67,3.81,3.74,3.65,305118.78,0.05,1.35,3.644,3.531,3.657,208562.62,165679.5,176370.96,3.97
2019-02-14,3.67,3.76,3.69,3.66,217792.2,0.02,0.55,3.582,3.519,3.668,167723.47,153997.78,180059.39,2.84
2019-02-13,3.55,3.7,3.67,3.55,238095.06,0.09,2.51,3.5,3.527,3.685,158479.27,145377.02,198800.62,3.1
2019-02-12,3.55,3.59,3.58,3.5,156779.06,0.04,1.13,3.44,3.531,3.694,128294.05,131808.61,206776.52,2.04
2019-02-11,3.46,3.55,3.54,3.45,125028.01,0.11,3.21,3.412,3.546,3.707,124956.25,131275.11,218084.47,1.63
2019-02-01,3.3,3.43,3.43,3.3,100923.0,0.15,4.57,3.418,3.573,3.73,122796.39,136229.21,238637.12,1.31
2019-01-31,3.41,3.45,3.28,3.16,171571.2,-0.09,-2.67,3.456,3.606,3.744,140272.1,142494.81,246439.58,2.23
2019-01-30,3.43,3.48,3.37,3.37,87169.0,-0.07,-2.04,3.554,3.651,3.762,132274.77,145522.99,248809.79,1.14
2019-01-29,3.56,3.57,3.44,3.38,140090.02,-0.13,-3.64,3.622,3.697,3.776,135323.17,153402.69,256025.0,1.82
2019-01-28,3.64,3.68,3.57,3.55,114228.71,-0.05,-1.38,3.68,3.743,3.781,137593.97,163583.06,259028.9,1.49
2019-01-25,3.76,3.77,3.62,3.61,188301.56,-0.15,-3.98,3.728,3.783,3.777,149662.03,187062.42,266492.36,2.45
2019-01-24,3.71,3.8,3.77,3.69,131584.56,0.06,1.62,3.756,3.817,3.781,144717.52,206121.0,269071.17,1.71
2019-01-23,3.74,3.76,3.71,3.68,102411.0,-0.02,-0.54,3.748,3.842,3.783,158771.21,252224.22,277490.69,1.33
2019-01-22,3.81,3.85,3.73,3.72,151444.02,-0.08,-2.1,3.772,3.856,3.79,171482.21,281744.42,287608.15,1.97
2019-01-21,3.75,3.88,3.81,3.72,174569.0,0.05,1.33,3.806,3.867,3.788,189572.16,304893.82,287707.95,2.27
2019-01-18,3.73,3.76,3.76,3.68,163579.0,0.03,0.8,3.838,3.886,3.782,224462.81,341045.03,286349.45,2.13
2019-01-17,3.85,3.86,3.73,3.72,201853.02,-0.1,-2.61,3.878,3.882,3.777,267524.48,350384.36,286196.35,2.63
2019-01-16,3.89,3.93,3.83,3.83,165966.0,-0.07,-1.79,3.936,3.873,3.775,345677.22,352096.59,284995.4,2.16
2019-01-15,3.91,3.92,3.9,3.83,241893.77,-0.07,-1.76,3.94,3.855,3.767,392006.64,358647.3,287887.3,3.15
2019-01-14,3.93,3.99,3.97,3.79,349022.25,0.01,0.25,3.928,3.818,3.757,420215.49,354474.73,290542.21,4.54
2019-01-11,3.98,4.1,3.96,3.94,378887.34,-0.06,-1.49,3.934,3.771,3.753,457627.26,345922.31,285211.75,4.93
2019-01-10,3.88,4.06,4.02,3.84,592616.75,0.17,4.42,3.886,3.745,3.749,433244.25,332021.33,283258.77,7.72
2019-01-09,3.83,3.99,3.85,3.83,397613.09,0.01,0.26,3.81,3.724,3.75,358515.95,302757.16,273503.55,5.18
2019-01-08,3.92,3.95,3.84,3.81,382938.0,-0.16,-4.0,3.77,3.723,3.755,325287.97,293471.87,272585.62,4.99
2019-01-07,3.75,4.08,4.0,3.69,536081.12,0.28,7.53,3.708,3.709,3.758,288733.97,270522.07,272282.9,6.98
2019-01-04,3.59,3.72,3.72,3.57,256972.27,0.08,2.2,3.608,3.677,3.747,234217.36,231653.86,265002.51,3.35
2019-01-03,3.64,3.73,3.64,3.57,218975.28,-0.01,-0.27,3.604,3.672,3.76,230798.42,222008.33,280574.81,2.85
2019-01-02,3.55,3.69,3.65,3.52,231473.16,0.12,3.4,3.638,3.676,3.786,246998.37,217894.21,317407.39,3.01
2018-12-28,3.5,3.58,3.53,3.48,200168.0,0.03,0.86,3.676,3.679,3.798,261655.78,217127.29,333998.42,2.61
2018-12-27,3.74,3.77,3.5,3.5,263498.09,-0.2,-5.41,3.71,3.695,3.811,252310.18,226609.7,349265.87,3.43
2018-12-26,3.77,3.83,3.7,3.68,239877.58,-0.11,-2.89,3.746,3.734,3.826,229090.36,224501.19,387788.44,3.12
2018-12-25,3.79,3.84,3.81,3.63,299975.0,-0.03,-0.78,3.74,3.753,3.838,213218.24,234496.21,397272.02,3.91
2018-12-24,3.71,3.84,3.84,3.67,304760.22,0.14,3.78,3.714,3.775,3.827,188790.05,244249.93,393335.2,3.97
2018-12-21,3.66,3.74,3.7,3.64,153440.0,0.02,0.54,3.682,3.786,3.811,172598.8,251699.37,386657.09,2.0
2018-12-20,3.63,3.7,3.68,3.61,147399.0,0.01,0.27,3.68,3.807,3.802,200909.22,274043.73,397857.85,1.92
2018-12-19,3.72,3.75,3.67,3.66,160517.0,-0.01,-0.27,3.722,3.817,3.807,219912.01,298351.16,404108.45,2.09
2018-12-18,3.67,3.75,3.68,3.6,177834.02,0.0,0.0,3.766,3.848,3.815,255774.17,339141.3,413358.92,2.32
2018-12-17,3.63,3.74,3.68,3.59,223804.0,-0.01,-0.27,3.836,3.896,3.815,299709.82,416920.57,423213.83,2.91
2018-12-14,3.87,3.93,3.69,3.67,294992.09,-0.2,-5.14,3.89,3.917,3.825,330799.93,450869.56,438890.7,3.84
2018-12-13,3.93,3.94,3.89,3.84,242412.94,0.0,0.0,3.934,3.927,3.832,347178.24,471922.04,455978.4,3.16
2018-12-12,4.06,4.06,3.89,3.88,339827.78,-0.14,-3.47,3.912,3.918,3.825,376790.31,551075.69,472638.16,4.42
2018-12-11,3.95,4.1,4.03,3.92,397512.28,0.08,2.02,3.93,3.923,3.819,422508.43,560047.84,495328.68,5.18
2018-12-10,3.84,4.05,3.95,3.81,379254.56,0.04,1.02,3.956,3.878,3.812,534131.32,542420.47,546035.09,4.94
2018-12-07,3.8,4.06,3.91,3.8,376883.66,0.13,3.44,3.944,3.835,3.801,570939.18,521614.82,559721.55,4.91
2018-12-06,3.92,3.95,3.78,3.78,390473.25,-0.2,-5.03,3.92,3.796,3.775,596665.83,521671.96,570116.64,5.08
2018-12-05,4.0,4.04,3.98,3.93,568418.38,-0.18,-4.33,3.924,3.796,3.749,725361.07,509865.73,570769.2,7.4
2018-12-04,3.9,4.28,4.16,3.86,955626.75,0.27,6.94,3.916,3.782,3.711,697587.26,487576.55,554481.59,12.44
2018-12-03,3.95,3.99,3.89,3.81,563293.88,0.1,2.64,3.8,3.734,3.663,550709.61,429507.1,520120.7,7.33
2018-11-30,3.67,3.8,3.79,3.52,505516.91,-0.01,-0.26,3.726,3.733,3.633,472290.45,426911.85,508327.79,6.58
2018-11-29,4.06,4.19,3.8,3.74,1033949.44,-0.14,-3.55,3.672,3.736,3.603,446678.08,440034.76,494334.1,13.46
2018-11-28,3.59,3.94,3.94,3.59,429549.31,0.36,10.06,3.668,3.732,3.571,294370.4,394200.63,457056.84,5.59
2018-11-27,3.55,3.63,3.58,3.53,221238.52,0.06,1.71,3.648,3.714,3.535,277565.84,430609.51,455868.94,2.88
2018-11-26,3.5,3.58,3.52,3.48,171198.09,0.0,0.0,3.668,3.746,3.512,308304.59,549649.71,455218.13,2.23
2018-11-23,3.75,3.77,3.52,3.48,377455.06,-0.26,-6.88,3.74,3.767,3.488,381533.24,597828.28,453662.46,4.91
2018-11-22,3.88,3.88,3.78,3.75,272411.0,-0.06,-1.56,3.8,3.754,3.466,433391.43,618561.32,445152.42,3.55
2018-11-21,3.62,3.85,3.84,3.61,345526.53,0.16,4.35,3.796,3.702,3.433,494030.87,631672.66,446759.43,4.5
2018-11-20,3.85,3.87,3.68,3.68,374932.25,-0.2,-5.16,3.78,3.639,3.395,583653.19,621386.63,442911.29,4.88
2018-11-19,3.75,3.99,3.88,3.74,537341.38,0.06,1.57,3.824,3.592,3.36,790994.84,610734.31,436951.93,7.0
2018-11-16,3.76,3.91,3.82,3.66,636746.0,0.06,1.6,3.794,3.532,3.315,814123.32,589743.74,424414.45,8.29
2018-11-15,3.76,3.83,3.76,3.65,575608.19,0.0,0.0,3.708,3.47,3.262,803731.2,548633.44,399548.25,7.49
2018-11-14,3.81,3.97,3.76,3.74,793638.12,-0.14,-3.59,3.608,3.41,3.21,769314.46,519913.04,377839.1,10.33
2018-11-13,3.84,4.1,3.9,3.75,1411640.5,0.17,4.56,3.498,3.355,3.166,659120.07,481128.37,344811.03,18.38
2018-11-12,3.36,3.73,3.73,3.36,652983.81,0.34,10.03,3.36,3.278,3.111,430473.78,360786.54,279588.9,8.5
2018-11-09,3.25,3.53,3.39,3.25,584785.38,0.13,3.99,3.27,3.208,3.068,365364.15,309496.63,252664.9,7.61
2018-11-08,3.23,3.43,3.26,3.22,403524.47,0.05,1.56,3.232,3.178,3.042,293535.67,271743.52,233427.9,5.25
2018-11-07,3.23,3.28,3.21,3.2,242666.19,0.0,0.0,3.212,3.164,3.026,270511.62,261846.2,226996.44,3.16
2018-11-06,3.24,3.25,3.21,3.12,268409.03,-0.07,-2.13,3.212,3.151,3.029,303136.66,264435.95,221013.88,3.49
2018-11-05,3.2,3.32,3.28,3.19,327435.66,0.08,2.5,3.196,3.128,3.03,291099.31,263169.55,212427.98,4.26
2018-11-02,3.24,3.24,3.2,3.16,225643.02,0.04,1.27,3.146,3.097,3.027,253629.11,259085.16,205006.79,2.94
2018-11-01,3.23,3.27,3.16,3.16,288404.22,-0.05,-1.56,3.124,3.054,3.035,249951.37,250463.06,199449.51,3.76
2018-10-31,3.13,3.37,3.21,3.07,405791.38,0.08,2.56,3.116,3.01,3.043,253180.78,235765.16,197325.71,5.28
2018-10-30,3.06,3.18,3.13,2.99,208222.25,0.1,3.3,3.09,2.976,3.055,225735.24,208493.69,195946.94,2.71
2018-10-29,3.07,3.12,3.03,3.01,140084.7,-0.06,-1.94,3.06,2.944,3.068,235239.79,198391.25,193365.36,1.82
2018-10-26,3.12,3.17,3.09,3.07,207254.3,-0.03,-0.96,3.048,2.927,3.087,264541.21,195833.18,198794.54,2.7
2018-10-25,2.98,3.19,3.12,2.94,304551.25,0.04,1.3,2.984,2.905,3.103,250974.75,195112.28,204310.45,3.97
2018-10-24,2.99,3.17,3.08,2.96,268563.69,0.1,3.36,2.904,2.887,3.112,218349.54,192146.68,199595.77,3.5
2018-10-23,2.96,3.08,2.98,2.92,255745.02,0.01,0.34,2.862,2.906,3.123,191252.15,177591.82,197992.68,3.33
2018-10-22,2.92,3.04,2.97,2.85,286591.81,0.2,7.22,2.828,2.932,3.133,161542.71,161686.4,193152.95,3.73
2018-10-19,2.61,2.8,2.77,2.61,139422.0,0.05,1.84,2.806,2.957,3.149,127125.14,150928.42,186159.66,1.82
2018-10-18,2.85,2.86,2.72,2.7,141425.2,-0.15,-5.23,2.826,3.016,3.18,139249.81,148435.95,188811.35,1.84
2018-10-17,2.85,2.9,2.87,2.8,133076.72,0.06,2.13,2.87,3.076,3.211,165943.81,158886.25,189946.44,1.73
2018-10-16,2.85,2.93,2.81,2.77,107197.8,-0.05,-1.75,2.95,3.134,3.237,163931.49,183400.18,193307.99,1.4
2018-10-15,2.9,2.97,2.86,2.85,114504.0,-0.01,-0.35,3.036,3.192,3.266,161830.1,188339.47,204061.46,1.49
2018-10-12,2.86,2.95,2.87,2.68,200045.34,-0.07,-2.38,3.108,3.246,3.292,174731.7,201755.91,213399.21,2.6
2018-10-11,3.2,3.2,2.94,2.94,274895.19,-0.33,-10.09,3.206,3.3,3.318,157622.1,213508.61,223391.39,3.58
2018-10-10,3.26,3.28,3.27,3.2,123015.1,0.03,0.93,3.282,3.336,3.332,151828.7,207044.87,222602.43,1.6
2018-10-09,3.26,3.27,3.24,3.2,96690.85,0.02,0.62,3.318,3.34,3.332,202868.87,218393.54,224629.64,1.26
2018-10-08,3.28,3.3,3.22,3.21,179012.0,-0.14,-4.17,3.348,3.333,3.329,214848.83,224619.51,227336.39,2.33
2018-09-28,3.33,3.37,3.36,3.32,114497.34,0.04,1.21,3.384,3.341,3.33,228780.12,221390.91,225316.29,1.49
2018-09-27,3.4,3.45,3.32,3.32,245928.2,-0.13,-3.77,3.394,3.344,3.325,269395.13,229186.74,229986.87,3.2
2018-09-26,3.4,3.58,3.45,3.36,378215.97,0.06,1.77,3.39,3.346,3.328,262261.03,221006.62,232932.3,4.92
2018-09-25,3.39,3.41,3.39,3.35,156590.66,-0.01,-0.29,3.362,3.339,3.324,233918.21,203215.8,237073.0,2.04
2018-09-21,3.44,3.46,3.4,3.34,248668.44,-0.01,-0.29,3.318,3.34,3.318,234390.18,219783.45,237604.46,3.24
2018-09-20,3.33,3.43,3.41,3.32,317572.38,0.11,3.33,3.298,3.338,3.307,214001.69,225042.5,230659.9,4.14
2018-09-19,3.34,3.35,3.3,3.27,210257.72,-0.01,-0.3,3.294,3.335,3.298,188978.35,233274.16,222174.38,2.74
2018-09-18,3.15,3.32,3.31,3.15,236501.84,0.14,4.42,3.302,3.328,3.292,179752.21,238159.99,216978.25,3.08
2018-09-17,3.28,3.28,3.17,3.16,158950.53,-0.13,-3.94,3.316,3.324,3.288,172513.39,230865.73,213314.46,2.07
2018-09-14,3.38,3.38,3.3,3.3,146726.0,-0.09,-2.65,3.362,3.325,3.291,205176.71,230053.27,212803.76,1.91
2018-09-13,3.38,3.4,3.39,3.29,192455.66,0.05,1.5,3.378,3.318,3.284,236083.31,229241.67,212803.61,2.51
2018-09-12,3.42,3.43,3.34,3.33,164127.0,-0.04,-1.18,3.376,3.305,3.274,277569.98,230787.01,210948.63,2.14
2018-09-11,3.38,3.41,3.38,3.31,200307.77,-0.02,-0.59,3.354,3.31,3.268,296567.78,244857.97,212469.24,2.61
2018-09-10,3.37,3.49,3.4,3.35,322267.12,0.02,0.59,3.332,3.308,3.266,289218.07,270930.2,213081.5,4.2
2018-09-07,3.35,3.41,3.38,3.32,301259.0,0.0,0.0,3.288,3.295,3.264,254929.83,255425.47,212895.97,3.92
2018-09-06,3.27,3.45,3.38,3.24,399889.0,0.15,4.64,3.258,3.276,3.259,222400.03,236277.3,208421.65,5.21
2018-09-05,3.28,3.38,3.23,3.23,259116.02,-0.04,-1.22,3.234,3.26,3.25,184004.04,211074.6,200395.7,3.37
2018-09-04,3.18,3.28,3.27,3.17,163559.23,0.09,2.83,3.266,3.256,3.245,193148.17,195796.51,197425.5,2.13
2018-09-03,3.2,3.22,3.18,3.12,150825.92,-0.05,-1.55,3.284,3.252,3.243,252642.32,195763.19,199733.94,1.96
2018-08-31,3.27,3.28,3.23,3.21,138610.0,-0.03,-0.92,3.302,3.256,3.24,255921.11,195554.25,200595.49,1.8
2018-08-30,3.39,3.41,3.26,3.26,207909.02,-0.13,-3.83,3.294,3.249,3.24,250154.56,196365.55,202610.19,2.71
2018-08-29,3.34,3.47,3.39,3.31,304836.66,0.03,0.89,3.286,3.243,3.239,238145.17,191110.25,208471.34,3.97
2018-08-28,3.26,3.6,3.36,3.25,461030.0,0.09,2.75,3.246,3.226,3.239,198444.85,180080.51,206280.39,6.0
2018-08-27,3.19,3.27,3.27,3.18,167219.86,0.08,2.51,3.22,3.223,3.244,138884.06,155232.81,200701.09,2.18
2018-08-24,3.22,3.22,3.19,3.17,109777.26,-0.03,-0.93,3.21,3.232,3.25,135187.39,170366.46,209847.44,1.43
2018-08-23,3.21,3.25,3.22,3.15,147862.05,0.03,0.94,3.204,3.241,3.266,142576.54,180566.01,238192.44,1.93
2018-08-22,3.24,3.25,3.19,3.17,106335.1,-0.04,-1.24,3.2,3.24,3.292,144075.33,189716.8,274476.95,1.38
2018-08-21,3.23,3.26,3.23,3.19,163226.02,0.01,0.31,3.206,3.234,3.302,161716.17,199054.49,298193.98,2.13
2018-08-20,3.17,3.22,3.22,3.11,148736.53,0.07,2.22,3.226,3.233,3.306,171581.57,203704.69,312748.91,1.94
2018-08-17,3.21,3.27,3.16,3.14,146723.0,-0.03,-0.94,3.254,3.224,3.308,205545.54,205636.74,332760.52,1.91
2018-08-16,3.18,3.27,3.2,3.11,155356.0,-0.02,-0.62,3.278,3.23,3.315,218555.48,208854.84,342551.97,2.02
2018-08-15,3.31,3.34,3.22,3.21,194539.3,-0.11,-3.3,3.28,3.235,3.322,235358.27,225832.44,352951.74,2.53
2018-08-14,3.35,3.41,3.33,3.3,212553.0,-0.03,-0.89,3.262,3.251,3.328,236392.81,232480.26,362270.12,2.77
2018-08-13,3.2,3.37,3.36,3.2,318556.38,0.08,2.44,3.24,3.265,3.328,235827.81,246169.36,371627.44,4.15
2018-08-10,3.2,3.3,3.28,3.18,211772.72,0.07,2.18,3.194,3.267,3.325,205727.94,249328.42,375165.51,2.76
2018-08-09,3.12,3.24,3.21,3.1,239369.97,0.09,2.88,3.182,3.29,3.329,199154.19,295818.88,386836.43,3.12
2018-08-08,3.21,3.23,3.13,3.1,199712.0,-0.09,-2.79,3.19,3.343,3.338,216306.6,359237.11,398180.0,2.6
2018-08-07,3.12,3.23,3.22,3.07,209728.0,0.08,2.55,3.24,3.37,3.355,228567.71,397333.47,414719.0,2.73
2018-08-06,3.24,3.25,3.13,3.1,168057.0,-0.09,-2.79,3.29,3.378,3.367,256510.91,421793.13,433354.54,2.19
2018-08-03,3.23,3.31,3.22,3.21,178904.0,-0.02,-0.62,3.34,3.391,3.391,292928.91,459884.3,459884.3,2.33
2018-08-02,3.32,3.37,3.25,3.06,325132.0,-0.13,-3.85,3.398,3.41,3.41,392483.56,491104.33,491104.33,4.23
2018-08-01,3.45,3.49,3.38,3.36,261017.55,-0.1,-2.87,3.496,3.43,3.43,502167.61,511850.87,511850.87,3.4
2018-07-31,3.36,3.54,3.47,3.33,349444.0,0.1,2.97,3.5,3.437,3.437,566099.22,547684.2,547684.2,4.55
2018-07-30,3.47,3.47,3.38,3.33,350147.0,-0.13,-3.7,3.466,3.432,3.432,587075.35,580724.24,580724.24,4.56
2018-07-27,3.74,3.74,3.51,3.5,676677.25,-0.23,-6.15,3.442,3.442,3.442,626839.69,626839.69,626839.69,8.81
2018-07-26,3.36,3.74,3.74,3.36,873552.25,0.34,10.0,3.425,3.425,3.425,614380.3,614380.3,614380.3,11.37
2018-07-25,3.28,3.55,3.4,3.26,580675.62,0.11,3.34,3.32,3.32,3.32,527989.64,527989.64,527989.64,7.56
2018-07-24,3.23,3.35,3.3,3.2,454324.62,0.04,1.23,3.28,3.28,3.28,501646.66,501646.66,501646.66,5.92
2018-07-23,3.27,3.31,3.26,3.18,548968.69,-0.06,-1.81,3.26,3.26,3.26,548968.69,548968.69,548968.69,7.15
